Location,Time,Indicator,Indicator_Status,Indicator_Value,Employment_Status,QWI-Status,Amount,Unemployment_Rate
All Data From Maryland

Maryland,2015Q3,TANF Workers,,,,,5546,
Maryland,2015Q4,TANF Workers,,,,,5875,
Maryland,2016Q1,TANF Workers,,,,,4316,
Maryland,2016Q2,TANF Workers,,,,,4843,
Maryland,2016Q3,TANF Workers,,,,,5179,
Maryland,2016Q4,TANF Workers,,,,,5305,
Maryland,2017Q1,TANF Workers,,,,,4027,
Maryland,2017Q2,TANF Workers,,,,,4361,
Maryland,2017Q3,TANF Workers,,,,,4037,
Maryland,2017Q4,TANF Workers,,,,,4744,
Maryland,2018Q1,TANF Workers,,,,,3645,
Maryland,2018Q2,TANF Workers,,,,,3777,
Maryland,2018Q3,TANF Workers,,,,,3950,
Maryland,2018Q4,TANF Workers,,,,,4114,
Maryland,2019Q1,TANF Workers,,,,,2984,
Maryland,2019Q2,TANF Workers,,,,,3419,
Maryland,2019Q3,TANF Workers,,,,,3560,
Maryland,2019Q4,TANF Workers,,,,,3775,
Maryland,2020Q1,TANF Workers,,,,,3324,
Maryland,2020Q2,TANF Workers,,,,,6121,
Maryland,2020Q3,TANF Workers,,,,,5977,
Maryland,2020Q4,TANF Workers,,,,,5811,
Maryland,2021Q1,TANF Workers,,,,,4569,

Maryland,2016Q3,TANF Participants in Workforce Service ,,,,,391,
Maryland,2016Q4,TANF Participants in Workforce Service ,,,,,224,
Maryland,2017Q1,TANF Participants in Workforce Service ,,,,,265,
Maryland,2017Q2,TANF Participants in Workforce Service ,,,,,242,
Maryland,2017Q3,TANF Participants in Workforce Service ,,,,,202,
Maryland,2017Q4,TANF Participants in Workforce Service ,,,,,168,
Maryland,2018Q1,TANF Participants in Workforce Service ,,,,,132,
Maryland,2018Q2,TANF Participants in Workforce Service ,,,,,153,
Maryland,2018Q3,TANF Participants in Workforce Service ,,,,,153,
Maryland,2018Q4,TANF Participants in Workforce Service ,,,,,172,
Maryland,2019Q1,TANF Participants in Workforce Service ,,,,,146,
Maryland,2019Q2,TANF Participants in Workforce Service ,,,,,153,
Maryland,2019Q3,TANF Participants in Workforce Service ,,,,,173,
Maryland,2019Q4,TANF Participants in Workforce Service ,,,,,141,
Maryland,2020Q1,TANF Participants in Workforce Service ,,,,,179,
Maryland,2020Q2,TANF Participants in Workforce Service ,,,,,215,
Maryland,2020Q3,TANF Participants in Workforce Service ,,,,,252,
Maryland,2020Q4,TANF Participants in Workforce Service ,,,,,138,
Maryland,2021Q1,TANF Participants in Workforce Service ,,,,,130,

Maryland,2016Q3,Percent of Workforce Service participants in TANF (%),,,,,3.0305379011,0.0303053790
Maryland,2016Q4,Percent of Workforce Service participants in TANF (%),,,,,1.8523112544,0.0185231125
Maryland,2017Q1,Percent of Workforce Service participants in TANF (%),,,,,1.8185561351,0.0181855614
Maryland,2017Q2,Percent of Workforce Service participants in TANF (%),,,,,1.6543614985,0.0165436150
Maryland,2017Q3,Percent of Workforce Service participants in TANF (%),,,,,1.3876485540,0.0138764855
Maryland,2017Q4,Percent of Workforce Service participants in TANF (%),,,,,1.3262808873,0.0132628089
Maryland,2018Q1,Percent of Workforce Service participants in TANF (%),,,,,1.1316872428,0.0113168724
Maryland,2018Q2,Percent of Workforce Service participants in TANF (%),,,,,1.3447002988,0.0134470030
Maryland,2018Q3,Percent of Workforce Service participants in TANF (%),,,,,1.4267064528,0.0142670645
Maryland,2018Q4,Percent of Workforce Service participants in TANF (%),,,,,1.5644897217,0.0156448972
Maryland,2019Q1,Percent of Workforce Service participants in TANF (%),,,,,1.1267170860,0.0112671709
Maryland,2019Q2,Percent of Workforce Service participants in TANF (%),,,,,1.3035699071,0.0130356991
Maryland,2019Q3,Percent of Workforce Service participants in TANF (%),,,,,1.5582777878,0.0155827779
Maryland,2019Q4,Percent of Workforce Service participants in TANF (%),,,,,1.3093137710,0.0130931377
Maryland,2020Q1,Percent of Workforce Service participants in TANF (%),,,,,1.2594103989,0.0125941040
Maryland,2020Q2,Percent of Workforce Service participants in TANF (%),,,,,0.8076937526,0.0080769375
Maryland,2020Q3,Percent of Workforce Service participants in TANF (%),,,,,1.4151738081,0.0141517381
Maryland,2020Q4,Percent of Workforce Service participants in TANF (%),,,,,1.8138801262,0.0181388013
Maryland,2021Q1,Percent of Workforce Service participants in TANF (%),,,,,1.9028103044,0.0190281030

Maryland,2015Q3,Percent of Workers in TANF (%),,,,,0.21677,0.002167738
Maryland,2015Q4,Percent of Workers in TANF (%),,,,,0.23241,0.002324056
Maryland,2016Q1,Percent of Workers in TANF (%),,,,,0.17310,0.001731039
Maryland,2016Q2,Percent of Workers in TANF (%),,,,,0.18775,0.001877475
Maryland,2016Q3,Percent of Workers in TANF (%),,,,,0.19715,0.001971507
Maryland,2016Q4,Percent of Workers in TANF (%),,,,,0.20603,0.002060341
Maryland,2017Q1,Percent of Workers in TANF (%),,,,,0.15884,0.001588441
Maryland,2017Q2,Percent of Workers in TANF (%),,,,,0.16716,0.001671565
Maryland,2017Q3,Percent of Workers in TANF (%),,,,,0.15244,0.00152444
Maryland,2017Q4,Percent of Workers in TANF (%),,,,,0.18227,0.001822744
Maryland,2018Q1,Percent of Workers in TANF (%),,,,,0.14234,0.001423351
Maryland,2018Q2,Percent of Workers in TANF (%),,,,,0.14306,0.001430566
Maryland,2018Q3,Percent of Workers in TANF (%),,,,,0.14796,0.001479574
Maryland,2018Q4,Percent of Workers in TANF (%),,,,,0.15657,0.001565689
Maryland,2019Q1,Percent of Workers in TANF (%),,,,,0.11542,0.001154231
Maryland,2019Q2,Percent of Workers in TANF (%),,,,,0.12823,0.001282324
Maryland,2019Q3,Percent of Workers in TANF (%),,,,,0.13223,0.001322324
Maryland,2019Q4,Percent of Workers in TANF (%),,,,,0.14488,0.001448848
Maryland,2020Q1,Percent of Workers in TANF (%),,,,,0.12981,0.00129811
Maryland,2020Q2,Percent of Workers in TANF (%),,,,,0.25065,0.002506485
Maryland,2020Q3,Percent of Workers in TANF (%),,,,,0.24566,0.002456596
Maryland,2020Q4,Percent of Workers in TANF (%),,,,,0.23531,0.002353056
Maryland,2021Q1,Percent of Workers in TANF (%),,,,,0.18983,0.001898309

Maryland,2016,New Maryland Apprenticeship Programs,,New Maryland Apprenticeship Programs,,,1,
Maryland,2017,New Maryland Apprenticeship Programs,,New Maryland Apprenticeship Programs,,,128,
Maryland,2018,New Maryland Apprenticeship Programs,,New Maryland Apprenticeship Programs,,,28,
Maryland,2019,New Maryland Apprenticeship Programs,,New Maryland Apprenticeship Programs,,,19,
Maryland,2020,New Maryland Apprenticeship Programs,,New Maryland Apprenticeship Programs,,,19,
Maryland,2021,New Maryland Apprenticeship Programs,,New Maryland Apprenticeship Programs,,,24,

Maryland,FY15,Apprenticeship,,Program Completers,,,545,
Maryland,FY16,Apprenticeship,,Program Completers,,,1118,
Maryland,FY17,Apprenticeship,,Program Completers,,,332,
Maryland,FY18,Apprenticeship,,Program Completers,,,1092,
Maryland,FY19,Apprenticeship,,Program Completers,,,724,
Maryland,FY20,Apprenticeship,,Program Completers,,,584,
Maryland,FY21,Apprenticeship,,Program Completers,,,656,

Maryland,2017,SNAP Recipient Workers by Percentage,,,,,0.0831,
Maryland,2018,SNAP Recipient Workers by Percentage,,,,,0.0772,
Maryland,2019,SNAP Recipient Workers by Percentage,,,,,0.0774,
Maryland,2020,SNAP Recipient Workers by Percentage,,,,,0.0765,

Maryland,2017,SNAP Recipient Workers,,,,,254804,
Maryland,2018,SNAP Recipient Workers,,,,,238484,
Maryland,2019,SNAP Recipient Workers,,,,,240488,
Maryland,2020,SNAP Recipient Workers,,,,,230214,

Maryland,2018,Service Participants in SNAP,,,,,0.1531,
Maryland,2019,Service Participants in SNAP,,,,,0.1375,

Maryland,2016,Maryland Apprentices,,New Apprentices,,,1070,
Maryland,2017,Maryland Apprentices,,New Apprentices,,,2631,
Maryland,2018,Maryland Apprentices,,New Apprentices,,,1904,
Maryland,2019,Maryland Apprentices,,New Apprentices,,,1907,
Maryland,2020,Maryland Apprentices,,New Apprentices,,,990,
Maryland,2021,Maryland Apprentices,,New Apprentices,,,1513,
Maryland,2016,Maryland Apprentices,,Active Apprentices,,,11821,
Maryland,2017,Maryland Apprentices,,Active Apprentices,,,9090,
Maryland,2018,Maryland Apprentices,,Active Apprentices,,,8567,
Maryland,2019,Maryland Apprentices,,Active Apprentices,,,8887,
Maryland,2020,Maryland Apprentices,,Active Apprentices,,,8711,
Maryland,2021,Maryland Apprentices,,Active Apprentices,,,8040,

Maryland,2013,Long Term Unemployed,Unemployed for 27 Weeks or More,Unemployed,,,76000,
Maryland,2014,Long Term Unemployed,Unemployed for 27 Weeks or More,Unemployed,,,71000,
Maryland,2015,Long Term Unemployed,Unemployed for 27 Weeks or More,Unemployed,,,56823,
Maryland,2016,Long Term Unemployed,Unemployed for 27 Weeks or More,Unemployed,,,43234,
Maryland,2017,Long Term Unemployed,Unemployed for 27 Weeks or More,Unemployed,,,55858,
Maryland,2018,Long Term Unemployed,Unemployed for 27 Weeks or More,Unemployed,,,50679,
Maryland,2019,Long Term Unemployed,Unemployed for 27 Weeks or More,Unemployed,,,20735,
Maryland,2020,Long Term Unemployed,Unemployed for 27 Weeks or More,Unemployed,,,10652,
Maryland,2021,Long Term Unemployed,Unemployed for 27 Weeks or More,Unemployed,,,76882,

Maryland,2015,Employment Status By Poverty Status,Above Poverty,,Labor Force,,3016531,
Maryland,2016,Employment Status By Poverty Status,Above Poverty,,Labor Force,,3029225,
Maryland,2017,Employment Status By Poverty Status,Above Poverty,,Labor Force,,3053027,
Maryland,2018,Employment Status By Poverty Status,Above Poverty,,Labor Force,,3070769,
Maryland,2015,Employment Status By Poverty Status,Below Poverty,,Employed,,124043,
Maryland,2019,Employment Status By Poverty Status,Below Poverty,,Employed,,119071,
Maryland,2018,Employment Status By Poverty Status,Below Poverty,,Employed,,123031,
Maryland,2017,Employment Status By Poverty Status,Below Poverty,,Unemployed,,48876,
Maryland,2015,Employment Status By Poverty Status,Below Poverty,,Unemployed,,60671,
Maryland,2019,Employment Status By Poverty Status,Below Poverty,,Unemployed,,39199,
Maryland,2017,Employment Status By Poverty Status,Below Poverty,,Employed,,124271,
Maryland,2016,Employment Status By Poverty Status,Below Poverty,,Unemployed,,54189,
Maryland,2016,Employment Status By Poverty Status,Below Poverty,,Employed,,125186,
Maryland,2018,Employment Status By Poverty Status,Below Poverty,,Unemployed,,44821,
Maryland,2016,Employment Status By Poverty Status,Below Poverty,,Labor Force,,179375,
Maryland,2015,Employment Status By Poverty Status,Below Poverty,,Labor Force,,184714,
Maryland,2017,Employment Status By Poverty Status,Below Poverty,,Labor Force,,173147,
Maryland,2018,Employment Status By Poverty Status,Below Poverty,,Labor Force,,167852,
Maryland,2019,Employment Status By Poverty Status,Below Poverty,,Labor Force,,158270,
Maryland,2020,Employment Status By Poverty Status,Below Poverty,,Employed,,116766,
Maryland,2020,Employment Status By Poverty Status,Below Poverty,,Unemployed,,37527,
Maryland,2020,Employment Status By Poverty Status,Below Poverty,,Labor Force,,154293,

Maryland,2015,Employment Status By Disability Status,Disabled,,Labor Force,,147296,
Maryland,2015,Employment Status By Disability Status,Non Disabled,,Labor Force,,2861550,
Maryland,2016,Employment Status By Disability Status,Disabled,,Labor Force,,150516,
Maryland,2016,Employment Status By Disability Status,Non Disabled,,Labor Force,,2857188,
Maryland,2017,Employment Status By Disability Status,Disabled,,Labor Force,,153211,
Maryland,2017,Employment Status By Disability Status,Non Disabled,,Labor Force,,2864507,
Maryland,2018,Employment Status By Disability Status,Disabled,,Labor Force,,155329,
Maryland,2018,Employment Status By Disability Status,Non Disabled,,Labor Force,,2849397,
Maryland,2019,Employment Status By Disability Status,Disabled,,Labor Force,,156487,
Maryland,2019,Employment Status By Disability Status,Non Disabled,,Labor Force,,2843711,
Maryland,2020,Employment Status By Disability Status,Non Disabled,,Labor Force,,2836409,
Maryland,2016,Employment Status By Disability Status,Disabled,,Unemployed,,22837,
Maryland,2017,Employment Status By Disability Status,Disabled,,Unemployed,,21562,
Maryland,2015,Employment Status By Disability Status,Non Disabled,,Unemployed,,195218,
Maryland,2018,Employment Status By Disability Status,Disabled,,Unemployed,,20784,
Maryland,2015,Employment Status By Disability Status,Disabled,,Unemployed,,24550,
Maryland,2016,Employment Status By Disability Status,Non Disabled,,Unemployed,,176641,
Maryland,2019,Employment Status By Disability Status,Disabled,,Unemployed,,19618,
Maryland,2017,Employment Status By Disability Status,Non Disabled,,Unemployed,,161285,
Maryland,2018,Employment Status By Disability Status,Non Disabled,,Unemployed,,145854,
Maryland,2019,Employment Status By Disability Status,Non Disabled,,Unemployed,,130474,
Maryland,2016,Employment Status By Disability Status,Non Disabled,,Employed,,2680547,
Maryland,2017,Employment Status By Disability Status,Non Disabled,,Employed,,2703222,
Maryland,2015,Employment Status By Disability Status,Non Disabled,,Employed,,2666332,
Maryland,2018,Employment Status By Disability Status,Non Disabled,,Employed,,2703543,
Maryland,2015,Employment Status By Disability Status,Disabled,,Employed,,122746,
Maryland,2016,Employment Status By Disability Status,Disabled,,Employed,,127679,
Maryland,2019,Employment Status By Disability Status,Non Disabled,,Employed,,2713237,
Maryland,2017,Employment Status By Disability Status,Disabled,,Employed,,131649,
Maryland,2019,Employment Status By Disability Status,Disabled,,Employed,,136869,
Maryland,2018,Employment Status By Disability Status,Disabled,,Employed,,134545,
Maryland,2020,Employment Status By Disability Status,Disabled,,Unemployed,,19990,
Maryland,2020,Employment Status By Disability Status,Non Disabled,,Unemployed,,132828,
Maryland,2020,Employment Status By Disability Status,Non Disabled,,Employed,,2703581,
Maryland,2020,Employment Status By Disability Status,Disabled,,Employed,,139300,
Maryland,2020,Employment Status By Disability Status,Disabled,,Labor Force,,159290,

Maryland,2020,Median Household Income,,,,,87063,
Maryland,2019,Median Household Income,,,,,84805,
Maryland,2015,Median Household Income,,,,,74551,
Maryland,2016,Median Household Income,,,,,76067,
Maryland,2018,Median Household Income,,,,,81868,
Maryland,2017,Median Household Income,,,,,78916,

Maryland,2015,Total Population,,,,,5930538,
Maryland,2016,Total Population,,,,,5959902,
Maryland,2019,Total Population,,,,,6018848,
Maryland,2020,Total Population,,,,,6037624,
Maryland,2017,Total Population,,,,,5996079,
Maryland,2018,Total Population,,,,,6003435,

Maryland,2015,Unemployment By Gender,Male,,,,7.1,0.071
Maryland,2017,Unemployment By Gender,Male,,,,5.8,0.057999999999999996
Maryland,2016,Unemployment By Gender,Male,,,,6.4,0.064
Maryland,2018,Unemployment By Gender,Male,,,,5.2,0.052000000000000005
Maryland,2019,Unemployment By Gender,Male,,,,4.6,0.046
Maryland,2020,Unemployment By Gender,Male,,,,4.8,0.048
Maryland,2016,Unemployment By Gender,Female,,,,6.1,0.061
Maryland,2019,Unemployment By Gender,Female,,,,4.8,0.048
Maryland,2018,Unemployment By Gender,Female,,,,5.2,0.052000000000000005
Maryland,2017,Unemployment By Gender,Female,,,,5.6,0.055999999999999994
Maryland,2020,Unemployment By Gender,Female,,,,4.9,0.049
Maryland,2015,Unemployment By Gender,Female,,,,6.7,0.067

Maryland,2016,Employment Status By Education,Bachelor's or Higher,,Employed,,1108725,
Maryland,2017,Employment Status By Education,Bachelor's or Higher,,Employed,,1132319,
Maryland,2018,Employment Status By Education,Bachelor's or Higher,,Employed,,1148963,
Maryland,2015,Employment Status By Education,Bachelor's or Higher,,Unemployed,,35645,
Maryland,2015,Employment Status By Education,Bachelor's or Higher,,Employed,,1090557,
Maryland,2019,Employment Status By Education,Bachelor's or Higher,,Employed,,1166556,
Maryland,2016,Employment Status By Education,Bachelor's or Higher,,Unemployed,,33854,
Maryland,2017,Employment Status By Education,Bachelor's or Higher,,Unemployed,,32253,
Maryland,2018,Employment Status By Education,Bachelor's or Higher,,Unemployed,,30017,
Maryland,2016,Employment Status By Education,Bachelor's or Higher,,NIL,,142942,
Maryland,2019,Employment Status By Education,Bachelor's or Higher,,Unemployed,,28262,
Maryland,2015,Employment Status By Education,Bachelor's or Higher,,NIL,,142901,
Maryland,2015,Employment Status By Education,Highschool,,Employed,,547054,
Maryland,2018,Employment Status By Education,Bachelor's or Higher,,NIL,,145777,
Maryland,2017,Employment Status By Education,Bachelor's or Higher,,NIL,,144963,
Maryland,2016,Employment Status By Education,Highschool,,Employed,,547904,
Maryland,2019,Employment Status By Education,Bachelor's or Higher,,NIL,,145223,
Maryland,2017,Employment Status By Education,Highschool,,Employed,,545011,
Maryland,2018,Employment Status By Education,Highschool,,Employed,,539096,
Maryland,2016,Employment Status By Education,Highschool,,Unemployed,,47880,
Maryland,2017,Employment Status By Education,Highschool,,Unemployed,,43548,
Maryland,2015,Employment Status By Education,Highschool,,Unemployed,,52837,
Maryland,2019,Employment Status By Education,Highschool,,Employed,,537931,
Maryland,2018,Employment Status By Education,Highschool,,Unemployed,,39323,
Maryland,2015,Employment Status By Education,Highschool,,NIL,,182962,
Maryland,2017,Employment Status By Education,Highschool,,NIL,,183503,
Maryland,2016,Employment Status By Education,Highschool,,NIL,,184638,
Maryland,2019,Employment Status By Education,Highschool,,Unemployed,,34728,
Maryland,2018,Employment Status By Education,Highschool,,NIL,,183230,
Maryland,2019,Employment Status By Education,Highschool,,NIL,,182721,
Maryland,2015,Employment Status By Education,Less than Highschool,,Employed,,168076,
Maryland,2017,Employment Status By Education,Less than Highschool,,Employed,,170855,
Maryland,2016,Employment Status By Education,Less than Highschool,,Employed,,169448,
Maryland,2018,Employment Status By Education,Less than Highschool,,Employed,,169833,
Maryland,2015,Employment Status By Education,Less than Highschool,,Unemployed,,25013,
Maryland,2016,Employment Status By Education,Less than Highschool,,Unemployed,,21419,
Maryland,2019,Employment Status By Education,Less than Highschool,,Employed,,169368,
Maryland,2018,Employment Status By Education,Less than Highschool,,Unemployed,,16900,
Maryland,2017,Employment Status By Education,Less than Highschool,,Unemployed,,19353,
Maryland,2019,Employment Status By Education,Less than Highschool,,Unemployed,,14333,
Maryland,2015,Employment Status By Education,Less than Highschool,,NIL,,99566,
Maryland,2016,Employment Status By Education,Less than Highschool,,NIL,,99288,
Maryland,2018,Employment Status By Education,Less than Highschool,,NIL,,98179,
Maryland,2017,Employment Status By Education,Less than Highschool,,NIL,,100013,
Maryland,2019,Employment Status By Education,Less than Highschool,,NIL,,97215,
Maryland,2016,Employment Status By Education,Some College,,Employed,,664086,
Maryland,2015,Employment Status By Education,Some College,,Employed,,666025,
Maryland,2017,Employment Status By Education,Some College,,Employed,,667106,
Maryland,2018,Employment Status By Education,Some College,,Employed,,663629,
Maryland,2015,Employment Status By Education,Some College,,Unemployed,,47199,
Maryland,2019,Employment Status By Education,Some College,,Employed,,658901,
Maryland,2016,Employment Status By Education,Some College,,Unemployed,,42523,
Maryland,2017,Employment Status By Education,Some College,,Unemployed,,38360,
Maryland,2018,Employment Status By Education,Some College,,Unemployed,,34534,
Maryland,2019,Employment Status By Education,Some College,,Unemployed,,30372,
Maryland,2016,Employment Status By Education,Some College,,NIL,,151689,
Maryland,2015,Employment Status By Education,Some College,,NIL,,151758,
Maryland,2018,Employment Status By Education,Some College,,NIL,,150916,
Maryland,2017,Employment Status By Education,Some College,,NIL,,151131,
Maryland,2019,Employment Status By Education,Some College,,NIL,,149571,
Maryland,2020,Employment Status By Education,Bachelor's or Higher,,Employed,,1187006,
Maryland,2020,Employment Status By Education,Bachelor's or Higher,,Unemployed,,30123,
Maryland,2020,Employment Status By Education,Bachelor's or Higher,,NIL,,143363,
Maryland,2020,Employment Status By Education,Highschool,,Employed,,525139,
Maryland,2020,Employment Status By Education,Highschool,,Unemployed,,35791,
Maryland,2020,Employment Status By Education,Highschool,,NIL,,181766,
Maryland,2020,Employment Status By Education,Less than Highschool,,Employed,,163486,
Maryland,2020,Employment Status By Education,Less than Highschool,,Unemployed,,12964,
Maryland,2020,Employment Status By Education,Less than Highschool,,NIL,,94655,
Maryland,2020,Employment Status By Education,Some College,,Employed,,658978,
Maryland,2020,Employment Status By Education,Some College,,Unemployed,,31311,
Maryland,2020,Employment Status By Education,Some College,,NIL,,146842,

Maryland,2015,Unemployment By Veteran Status,Non Veteran,,,,7.4,0.07400000000000001
Maryland,2018,Unemployment By Veteran Status,Non Veteran,,,,5.7,0.057
Maryland,2016,Unemployment By Veteran Status,Non Veteran,,,,6.7,0.067
Maryland,2020,Unemployment By Veteran Status,Non Veteran,,,,5.2,0.052000000000000005
Maryland,2017,Unemployment By Veteran Status,Non Veteran,,,,6.2,0.062
Maryland,2019,Unemployment By Veteran Status,Non Veteran,,,,5.1,0.051
Maryland,2015,Unemployment By Veteran Status,Veteran,,,,5.6,0.055999999999999994
Maryland,2019,Unemployment By Veteran Status,Veteran,,,,3.2,0.032
Maryland,2016,Unemployment By Veteran Status,Veteran,,,,5,0.05
Maryland,2020,Unemployment By Veteran Status,Veteran,,,,3.2,0.032
Maryland,2018,Unemployment By Veteran Status,Veteran,,,,3.7,0.037000000000000005
Maryland,2017,Unemployment By Veteran Status,Veteran,,,,4.4,0.044000000000000004

Maryland,2016,Unemployment By Race,Asian,,,,4.7,0.047
Maryland,2015,Unemployment By Race,Asian,,,,5.2,0.052000000000000005
Maryland,2017,Unemployment By Race,Asian,,,,4.3,0.043
Maryland,2018,Unemployment By Race,Asian,,,,4,0.04
Maryland,2020,Unemployment By Race,Asian,,,,4.2,0.042
Maryland,2019,Unemployment By Race,Asian,,,,3.6,0.036000000000000004
Maryland,2015,Unemployment By Race,White,,,,5.6,0.055999999999999994
Maryland,2018,Unemployment By Race,White,,,,4.3,0.043
Maryland,2017,Unemployment By Race,White,,,,4.7,0.047
Maryland,2016,Unemployment By Race,White,,,,5.1,0.051
Maryland,2019,Unemployment By Race,White,,,,3.9,0.039
Maryland,2020,Unemployment By Race,White,,,,3.9,0.039
Maryland,2015,Unemployment By Race,Black,,,,11.3,0.113
Maryland,2020,Unemployment By Race,Black,,,,7.6,0.076
Maryland,2018,Unemployment By Race,Black,,,,8.3,0.083
Maryland,2017,Unemployment By Race,Black,,,,9.2,0.092
Maryland,2016,Unemployment By Race,Black,,,,10.2,0.102
Maryland,2019,Unemployment By Race,Black,,,,7.5,0.075
Maryland,2016,Unemployment By Race,Hispanic,,,,6.5,0.065
Maryland,2020,Unemployment By Race,Hispanic,,,,5.1,0.051
Maryland,2019,Unemployment By Race,Hispanic,,,,4.9,0.049
Maryland,2015,Unemployment By Race,Hispanic,,,,7.2,0.07200000000000001
Maryland,2017,Unemployment By Race,Hispanic,,,,6,0.06
Maryland,2018,Unemployment By Race,Hispanic,,,,5.5,0.055

Maryland,2015Q1,Maryland Average Monthly Earnings by Age,A01,14-18,,Earnings,590,
Maryland,2016Q1,Maryland Average Monthly Earnings by Age,A01,14-18,,Earnings,606,
Maryland,2017Q1,Maryland Average Monthly Earnings by Age,A01,14-18,,Earnings,675,
Maryland,2018Q1,Maryland Average Monthly Earnings by Age,A01,14-18,,Earnings,705,
Maryland,2019Q1,Maryland Average Monthly Earnings by Age,A01,14-18,,Earnings,729,
Maryland,2020Q1,Maryland Average Monthly Earnings by Age,A01,14-18,,Earnings,848,
Maryland,2015Q2,Maryland Average Monthly Earnings by Age,A01,14-18,,Earnings,675,
Maryland,2021Q1,Maryland Average Monthly Earnings by Age,A01,14-18,,Earnings,867,
Maryland,2017Q2,Maryland Average Monthly Earnings by Age,A01,14-18,,Earnings,734,
Maryland,2016Q2,Maryland Average Monthly Earnings by Age,A01,14-18,,Earnings,683,
Maryland,2018Q2,Maryland Average Monthly Earnings by Age,A01,14-18,,Earnings,766,
Maryland,2019Q2,Maryland Average Monthly Earnings by Age,A01,14-18,,Earnings,797,
Maryland,2021Q2,Maryland Average Monthly Earnings by Age,A01,14-18,,Earnings,1030,
Maryland,2020Q2,Maryland Average Monthly Earnings by Age,A01,14-18,,Earnings,804,
Maryland,2015Q3,Maryland Average Monthly Earnings by Age,A01,14-18,,Earnings,764,
Maryland,2017Q3,Maryland Average Monthly Earnings by Age,A01,14-18,,Earnings,849,
Maryland,2016Q3,Maryland Average Monthly Earnings by Age,A01,14-18,,Earnings,833,
Maryland,2018Q3,Maryland Average Monthly Earnings by Age,A01,14-18,,Earnings,894,
Maryland,2019Q3,Maryland Average Monthly Earnings by Age,A01,14-18,,Earnings,921,
Maryland,2020Q3,Maryland Average Monthly Earnings by Age,A01,14-18,,Earnings,1123,
Maryland,2021Q3,Maryland Average Monthly Earnings by Age,A01,14-18,,Earnings,1138,
Maryland,2015Q4,Maryland Average Monthly Earnings by Age,A01,14-18,,Earnings,706,
Maryland,2016Q4,Maryland Average Monthly Earnings by Age,A01,14-18,,Earnings,718,
Maryland,2017Q4,Maryland Average Monthly Earnings by Age,A01,14-18,,Earnings,748,
Maryland,2018Q4,Maryland Average Monthly Earnings by Age,A01,14-18,,Earnings,788,
Maryland,2019Q4,Maryland Average Monthly Earnings by Age,A01,14-18,,Earnings,807,
Maryland,2020Q4,Maryland Average Monthly Earnings by Age,A01,14-18,,Earnings,1151,
Maryland,2021Q4,Maryland Average Monthly Earnings by Age,A01,14-18,,Earnings,0,
Maryland,2016Q1,Maryland Average Monthly Earnings by Age,A02,19-21,,Earnings,1151,
Maryland,2015Q1,Maryland Average Monthly Earnings by Age,A02,19-21,,Earnings,1117,
Maryland,2017Q1,Maryland Average Monthly Earnings by Age,A02,19-21,,Earnings,1276,
Maryland,2018Q1,Maryland Average Monthly Earnings by Age,A02,19-21,,Earnings,1329,
Maryland,2019Q1,Maryland Average Monthly Earnings by Age,A02,19-21,,Earnings,1381,
Maryland,2020Q1,Maryland Average Monthly Earnings by Age,A02,19-21,,Earnings,1554,
Maryland,2021Q1,Maryland Average Monthly Earnings by Age,A02,19-21,,Earnings,1492,
Maryland,2016Q2,Maryland Average Monthly Earnings by Age,A02,19-21,,Earnings,1298,
Maryland,2017Q2,Maryland Average Monthly Earnings by Age,A02,19-21,,Earnings,1363,
Maryland,2015Q2,Maryland Average Monthly Earnings by Age,A02,19-21,,Earnings,1245,
Maryland,2018Q2,Maryland Average Monthly Earnings by Age,A02,19-21,,Earnings,1420,
Maryland,2019Q2,Maryland Average Monthly Earnings by Age,A02,19-21,,Earnings,1486,
Maryland,2020Q2,Maryland Average Monthly Earnings by Age,A02,19-21,,Earnings,1446,
Maryland,2016Q3,Maryland Average Monthly Earnings by Age,A02,19-21,,Earnings,1442,
Maryland,2021Q2,Maryland Average Monthly Earnings by Age,A02,19-21,,Earnings,1743,
Maryland,2015Q3,Maryland Average Monthly Earnings by Age,A02,19-21,,Earnings,1322,
Maryland,2017Q3,Maryland Average Monthly Earnings by Age,A02,19-21,,Earnings,1443,
Maryland,2018Q3,Maryland Average Monthly Earnings by Age,A02,19-21,,Earnings,1514,
Maryland,2019Q3,Maryland Average Monthly Earnings by Age,A02,19-21,,Earnings,1580,
Maryland,2015Q4,Maryland Average Monthly Earnings by Age,A02,19-21,,Earnings,1331,
Maryland,2021Q3,Maryland Average Monthly Earnings by Age,A02,19-21,,Earnings,1854,
Maryland,2020Q3,Maryland Average Monthly Earnings by Age,A02,19-21,,Earnings,1784,
Maryland,2016Q4,Maryland Average Monthly Earnings by Age,A02,19-21,,Earnings,1325,
Maryland,2017Q4,Maryland Average Monthly Earnings by Age,A02,19-21,,Earnings,1392,
Maryland,2020Q4,Maryland Average Monthly Earnings by Age,A02,19-21,,Earnings,1771,
Maryland,2018Q4,Maryland Average Monthly Earnings by Age,A02,19-21,,Earnings,1452,
Maryland,2019Q4,Maryland Average Monthly Earnings by Age,A02,19-21,,Earnings,1514,
Maryland,2021Q4,Maryland Average Monthly Earnings by Age,A02,19-21,,Earnings,0,
Maryland,2015Q1,Maryland Average Monthly Earnings by Age,A03,22-24,,Earnings,2058,
Maryland,2016Q1,Maryland Average Monthly Earnings by Age,A03,22-24,,Earnings,2082,
Maryland,2017Q1,Maryland Average Monthly Earnings by Age,A03,22-24,,Earnings,2301,
Maryland,2019Q1,Maryland Average Monthly Earnings by Age,A03,22-24,,Earnings,2488,
Maryland,2018Q1,Maryland Average Monthly Earnings by Age,A03,22-24,,Earnings,2400,
Maryland,2021Q1,Maryland Average Monthly Earnings by Age,A03,22-24,,Earnings,2758,
Maryland,2020Q1,Maryland Average Monthly Earnings by Age,A03,22-24,,Earnings,2775,
Maryland,2015Q2,Maryland Average Monthly Earnings by Age,A03,22-24,,Earnings,2173,
Maryland,2016Q2,Maryland Average Monthly Earnings by Age,A03,22-24,,Earnings,2255,
Maryland,2017Q2,Maryland Average Monthly Earnings by Age,A03,22-24,,Earnings,2380,
Maryland,2018Q2,Maryland Average Monthly Earnings by Age,A03,22-24,,Earnings,2486,
Maryland,2019Q2,Maryland Average Monthly Earnings by Age,A03,22-24,,Earnings,2610,
Maryland,2021Q2,Maryland Average Monthly Earnings by Age,A03,22-24,,Earnings,3012,
Maryland,2020Q2,Maryland Average Monthly Earnings by Age,A03,22-24,,Earnings,2610,
Maryland,2015Q3,Maryland Average Monthly Earnings by Age,A03,22-24,,Earnings,2207,
Maryland,2016Q3,Maryland Average Monthly Earnings by Age,A03,22-24,,Earnings,2408,
Maryland,2017Q3,Maryland Average Monthly Earnings by Age,A03,22-24,,Earnings,2385,
Maryland,2018Q3,Maryland Average Monthly Earnings by Age,A03,22-24,,Earnings,2474,
Maryland,2020Q3,Maryland Average Monthly Earnings by Age,A03,22-24,,Earnings,2849,
Maryland,2019Q3,Maryland Average Monthly Earnings by Age,A03,22-24,,Earnings,2608,
Maryland,2021Q3,Maryland Average Monthly Earnings by Age,A03,22-24,,Earnings,3043,
Maryland,2015Q4,Maryland Average Monthly Earnings by Age,A03,22-24,,Earnings,2425,
Maryland,2016Q4,Maryland Average Monthly Earnings by Age,A03,22-24,,Earnings,2443,
Maryland,2017Q4,Maryland Average Monthly Earnings by Age,A03,22-24,,Earnings,2549,
Maryland,2018Q4,Maryland Average Monthly Earnings by Age,A03,22-24,,Earnings,2667,
Maryland,2020Q4,Maryland Average Monthly Earnings by Age,A03,22-24,,Earnings,3303,
Maryland,2019Q4,Maryland Average Monthly Earnings by Age,A03,22-24,,Earnings,2786,
Maryland,2021Q4,Maryland Average Monthly Earnings by Age,A03,22-24,,Earnings,0,
Maryland,2015Q1,Maryland Average Monthly Earnings by Age,A04,25-34,,Earnings,3625,
Maryland,2017Q1,Maryland Average Monthly Earnings by Age,A04,25-34,,Earnings,3839,
Maryland,2016Q1,Maryland Average Monthly Earnings by Age,A04,25-34,,Earnings,3578,
Maryland,2018Q1,Maryland Average Monthly Earnings by Age,A04,25-34,,Earnings,3932,
Maryland,2020Q1,Maryland Average Monthly Earnings by Age,A04,25-34,,Earnings,4370,
Maryland,2019Q1,Maryland Average Monthly Earnings by Age,A04,25-34,,Earnings,4039,
Maryland,2021Q1,Maryland Average Monthly Earnings by Age,A04,25-34,,Earnings,4438,
Maryland,2015Q2,Maryland Average Monthly Earnings by Age,A04,25-34,,Earnings,3650,
Maryland,2016Q2,Maryland Average Monthly Earnings by Age,A04,25-34,,Earnings,3720,
Maryland,2017Q2,Maryland Average Monthly Earnings by Age,A04,25-34,,Earnings,3828,
Maryland,2019Q2,Maryland Average Monthly Earnings by Age,A04,25-34,,Earnings,4097,
Maryland,2018Q2,Maryland Average Monthly Earnings by Age,A04,25-34,,Earnings,3944,
Maryland,2020Q2,Maryland Average Monthly Earnings by Age,A04,25-34,,Earnings,4171,
Maryland,2021Q2,Maryland Average Monthly Earnings by Age,A04,25-34,,Earnings,4670,
Maryland,2015Q3,Maryland Average Monthly Earnings by Age,A04,25-34,,Earnings,3683,
Maryland,2016Q3,Maryland Average Monthly Earnings by Age,A04,25-34,,Earnings,3908,
Maryland,2017Q3,Maryland Average Monthly Earnings by Age,A04,25-34,,Earnings,3798,
Maryland,2019Q3,Maryland Average Monthly Earnings by Age,A04,25-34,,Earnings,4035,
Maryland,2018Q3,Maryland Average Monthly Earnings by Age,A04,25-34,,Earnings,3891,
Maryland,2020Q3,Maryland Average Monthly Earnings by Age,A04,25-34,,Earnings,4371,
Maryland,2021Q3,Maryland Average Monthly Earnings by Age,A04,25-34,,Earnings,4637,
Maryland,2015Q4,Maryland Average Monthly Earnings by Age,A04,25-34,,Earnings,4034,
Maryland,2016Q4,Maryland Average Monthly Earnings by Age,A04,25-34,,Earnings,3959,
Maryland,2017Q4,Maryland Average Monthly Earnings by Age,A04,25-34,,Earnings,4077,
Maryland,2020Q4,Maryland Average Monthly Earnings by Age,A04,25-34,,Earnings,5014,
Maryland,2018Q4,Maryland Average Monthly Earnings by Age,A04,25-34,,Earnings,4191,
Maryland,2019Q4,Maryland Average Monthly Earnings by Age,A04,25-34,,Earnings,4358,
Maryland,2015Q1,Maryland Average Monthly Earnings by Age,A05,35-44,,Earnings,5306,
Maryland,2021Q4,Maryland Average Monthly Earnings by Age,A04,25-34,,Earnings,0,
Maryland,2016Q1,Maryland Average Monthly Earnings by Age,A05,35-44,,Earnings,5219,
Maryland,2017Q1,Maryland Average Monthly Earnings by Age,A05,35-44,,Earnings,5486,
Maryland,2019Q1,Maryland Average Monthly Earnings by Age,A05,35-44,,Earnings,5731,
Maryland,2018Q1,Maryland Average Monthly Earnings by Age,A05,35-44,,Earnings,5657,
Maryland,2020Q1,Maryland Average Monthly Earnings by Age,A05,35-44,,Earnings,6153,
Maryland,2021Q1,Maryland Average Monthly Earnings by Age,A05,35-44,,Earnings,6331,
Maryland,2015Q2,Maryland Average Monthly Earnings by Age,A05,35-44,,Earnings,5064,
Maryland,2016Q2,Maryland Average Monthly Earnings by Age,A05,35-44,,Earnings,5142,
Maryland,2018Q2,Maryland Average Monthly Earnings by Age,A05,35-44,,Earnings,5384,
Maryland,2017Q2,Maryland Average Monthly Earnings by Age,A05,35-44,,Earnings,5239,
Maryland,2019Q2,Maryland Average Monthly Earnings by Age,A05,35-44,,Earnings,5532,
Maryland,2020Q2,Maryland Average Monthly Earnings by Age,A05,35-44,,Earnings,5674,
Maryland,2021Q2,Maryland Average Monthly Earnings by Age,A05,35-44,,Earnings,6251,
Maryland,2015Q3,Maryland Average Monthly Earnings by Age,A05,35-44,,Earnings,5004,
Maryland,2017Q3,Maryland Average Monthly Earnings by Age,A05,35-44,,Earnings,5143,
Maryland,2018Q3,Maryland Average Monthly Earnings by Age,A05,35-44,,Earnings,5247,
Maryland,2016Q3,Maryland Average Monthly Earnings by Age,A05,35-44,,Earnings,5301,
Maryland,2019Q3,Maryland Average Monthly Earnings by Age,A05,35-44,,Earnings,5384,
Maryland,2021Q3,Maryland Average Monthly Earnings by Age,A05,35-44,,Earnings,6211,
Maryland,2020Q3,Maryland Average Monthly Earnings by Age,A05,35-44,,Earnings,5846,
Maryland,2016Q4,Maryland Average Monthly Earnings by Age,A05,35-44,,Earnings,5541,
Maryland,2015Q4,Maryland Average Monthly Earnings by Age,A05,35-44,,Earnings,5674,
Maryland,2017Q4,Maryland Average Monthly Earnings by Age,A05,35-44,,Earnings,5716,
Maryland,2018Q4,Maryland Average Monthly Earnings by Age,A05,35-44,,Earnings,5807,
Maryland,2019Q4,Maryland Average Monthly Earnings by Age,A05,35-44,,Earnings,6022,
Maryland,2020Q4,Maryland Average Monthly Earnings by Age,A05,35-44,,Earnings,6835,
Maryland,2021Q4,Maryland Average Monthly Earnings by Age,A05,35-44,,Earnings,0,
Maryland,2015Q1,Maryland Average Monthly Earnings by Age,A06,45-54,,Earnings,5940,
Maryland,2016Q1,Maryland Average Monthly Earnings by Age,A06,45-54,,Earnings,5858,
Maryland,2017Q1,Maryland Average Monthly Earnings by Age,A06,45-54,,Earnings,6210,
Maryland,2019Q1,Maryland Average Monthly Earnings by Age,A06,45-54,,Earnings,6561,
Maryland,2018Q1,Maryland Average Monthly Earnings by Age,A06,45-54,,Earnings,6459,
Maryland,2020Q1,Maryland Average Monthly Earnings by Age,A06,45-54,,Earnings,7065,
Maryland,2021Q1,Maryland Average Monthly Earnings by Age,A06,45-54,,Earnings,7542,
Maryland,2015Q2,Maryland Average Monthly Earnings by Age,A06,45-54,,Earnings,5537,
Maryland,2017Q2,Maryland Average Monthly Earnings by Age,A06,45-54,,Earnings,5764,
Maryland,2016Q2,Maryland Average Monthly Earnings by Age,A06,45-54,,Earnings,5652,
Maryland,2019Q2,Maryland Average Monthly Earnings by Age,A06,45-54,,Earnings,6160,
Maryland,2020Q2,Maryland Average Monthly Earnings by Age,A06,45-54,,Earnings,6348,
Maryland,2018Q2,Maryland Average Monthly Earnings by Age,A06,45-54,,Earnings,5958,
Maryland,2021Q2,Maryland Average Monthly Earnings by Age,A06,45-54,,Earnings,6923,
Maryland,2015Q3,Maryland Average Monthly Earnings by Age,A06,45-54,,Earnings,5442,
Maryland,2016Q3,Maryland Average Monthly Earnings by Age,A06,45-54,,Earnings,5772,
Maryland,2019Q3,Maryland Average Monthly Earnings by Age,A06,45-54,,Earnings,5958,
Maryland,2018Q3,Maryland Average Monthly Earnings by Age,A06,45-54,,Earnings,5759,
Maryland,2017Q3,Maryland Average Monthly Earnings by Age,A06,45-54,,Earnings,5615,
Maryland,2021Q3,Maryland Average Monthly Earnings by Age,A06,45-54,,Earnings,7003,
Maryland,2020Q3,Maryland Average Monthly Earnings by Age,A06,45-54,,Earnings,6530,
Maryland,2015Q4,Maryland Average Monthly Earnings by Age,A06,45-54,,Earnings,6253,
Maryland,2016Q4,Maryland Average Monthly Earnings by Age,A06,45-54,,Earnings,6137,
Maryland,2017Q4,Maryland Average Monthly Earnings by Age,A06,45-54,,Earnings,6366,
Maryland,2018Q4,Maryland Average Monthly Earnings by Age,A06,45-54,,Earnings,6453,
Maryland,2019Q4,Maryland Average Monthly Earnings by Age,A06,45-54,,Earnings,6728,
Maryland,2020Q4,Maryland Average Monthly Earnings by Age,A06,45-54,,Earnings,7647,
Maryland,2021Q4,Maryland Average Monthly Earnings by Age,A06,45-54,,Earnings,0,
Maryland,2015Q1,Maryland Average Monthly Earnings by Age,A07,55-64,,Earnings,5731,
Maryland,2016Q1,Maryland Average Monthly Earnings by Age,A07,55-64,,Earnings,5641,
Maryland,2017Q1,Maryland Average Monthly Earnings by Age,A07,55-64,,Earnings,6041,
Maryland,2018Q1,Maryland Average Monthly Earnings by Age,A07,55-64,,Earnings,6287,
Maryland,2020Q1,Maryland Average Monthly Earnings by Age,A07,55-64,,Earnings,6876,
Maryland,2021Q1,Maryland Average Monthly Earnings by Age,A07,55-64,,Earnings,7153,
Maryland,2019Q1,Maryland Average Monthly Earnings by Age,A07,55-64,,Earnings,6404,
Maryland,2015Q2,Maryland Average Monthly Earnings by Age,A07,55-64,,Earnings,5482,
Maryland,2017Q2,Maryland Average Monthly Earnings by Age,A07,55-64,,Earnings,5703,
Maryland,2016Q2,Maryland Average Monthly Earnings by Age,A07,55-64,,Earnings,5531,
Maryland,2019Q2,Maryland Average Monthly Earnings by Age,A07,55-64,,Earnings,5993,
Maryland,2018Q2,Maryland Average Monthly Earnings by Age,A07,55-64,,Earnings,5824,
Maryland,2020Q2,Maryland Average Monthly Earnings by Age,A07,55-64,,Earnings,6191,
Maryland,2021Q2,Maryland Average Monthly Earnings by Age,A07,55-64,,Earnings,6708,
Maryland,2016Q3,Maryland Average Monthly Earnings by Age,A07,55-64,,Earnings,5596,
Maryland,2015Q3,Maryland Average Monthly Earnings by Age,A07,55-64,,Earnings,5333,
Maryland,2017Q3,Maryland Average Monthly Earnings by Age,A07,55-64,,Earnings,5511,
Maryland,2018Q3,Maryland Average Monthly Earnings by Age,A07,55-64,,Earnings,5654,
Maryland,2019Q3,Maryland Average Monthly Earnings by Age,A07,55-64,,Earnings,5799,
Maryland,2020Q3,Maryland Average Monthly Earnings by Age,A07,55-64,,Earnings,6382,
Maryland,2015Q4,Maryland Average Monthly Earnings by Age,A07,55-64,,Earnings,6255,
Maryland,2016Q4,Maryland Average Monthly Earnings by Age,A07,55-64,,Earnings,6127,
Maryland,2021Q3,Maryland Average Monthly Earnings by Age,A07,55-64,,Earnings,6736,
Maryland,2017Q4,Maryland Average Monthly Earnings by Age,A07,55-64,,Earnings,6361,
Maryland,2018Q4,Maryland Average Monthly Earnings by Age,A07,55-64,,Earnings,6385,
Maryland,2019Q4,Maryland Average Monthly Earnings by Age,A07,55-64,,Earnings,6631,
Maryland,2015Q1,Maryland Workers by Age,A01,14-18,,Workers,46713,
Maryland,2020Q4,Maryland Average Monthly Earnings by Age,A07,55-64,,Earnings,7562,
Maryland,2021Q4,Maryland Average Monthly Earnings by Age,A07,55-64,,Earnings,0,
Maryland,2016Q1,Maryland Workers by Age,A01,14-18,,Workers,50436,
Maryland,2017Q1,Maryland Workers by Age,A01,14-18,,Workers,53176,
Maryland,2018Q1,Maryland Workers by Age,A01,14-18,,Workers,53653,
Maryland,2020Q1,Maryland Workers by Age,A01,14-18,,Workers,55359,
Maryland,2015Q2,Maryland Workers by Age,A01,14-18,,Workers,44911,
Maryland,2019Q1,Maryland Workers by Age,A01,14-18,,Workers,53875,
Maryland,2021Q1,Maryland Workers by Age,A01,14-18,,Workers,52791,
Maryland,2016Q2,Maryland Workers by Age,A01,14-18,,Workers,49456,
Maryland,2017Q2,Maryland Workers by Age,A01,14-18,,Workers,51981,
Maryland,2018Q2,Maryland Workers by Age,A01,14-18,,Workers,52171,
Maryland,2021Q2,Maryland Workers by Age,A01,14-18,,Workers,51765,
Maryland,2020Q2,Maryland Workers by Age,A01,14-18,,Workers,42360,
Maryland,2019Q2,Maryland Workers by Age,A01,14-18,,Workers,51920,
Maryland,2015Q3,Maryland Workers by Age,A01,14-18,,Workers,59807,
Maryland,2016Q3,Maryland Workers by Age,A01,14-18,,Workers,63965,
Maryland,2017Q3,Maryland Workers by Age,A01,14-18,,Workers,67767,
Maryland,2019Q3,Maryland Workers by Age,A01,14-18,,Workers,66930,
Maryland,2020Q3,Maryland Workers by Age,A01,14-18,,Workers,45231,
Maryland,2018Q3,Maryland Workers by Age,A01,14-18,,Workers,66799,
Maryland,2021Q3,Maryland Workers by Age,A01,14-18,,Workers,69633,
Maryland,2017Q4,Maryland Workers by Age,A01,14-18,,Workers,55701,
Maryland,2016Q4,Maryland Workers by Age,A01,14-18,,Workers,54687,
Maryland,2015Q4,Maryland Workers by Age,A01,14-18,,Workers,51988,
Maryland,2018Q4,Maryland Workers by Age,A01,14-18,,Workers,55919,
Maryland,2019Q4,Maryland Workers by Age,A01,14-18,,Workers,56396,
Maryland,2020Q4,Maryland Workers by Age,A01,14-18,,Workers,53586,
Maryland,2021Q4,Maryland Workers by Age,A01,14-18,,Workers,68024,
Maryland,2016Q1,Maryland Workers by Age,A02,19-21,,Workers,101302,
Maryland,2015Q1,Maryland Workers by Age,A02,19-21,,Workers,100433,
Maryland,2017Q1,Maryland Workers by Age,A02,19-21,,Workers,100432,
Maryland,2018Q1,Maryland Workers by Age,A02,19-21,,Workers,100799,
Maryland,2019Q1,Maryland Workers by Age,A02,19-21,,Workers,101476,
Maryland,2015Q2,Maryland Workers by Age,A02,19-21,,Workers,97824,
Maryland,2021Q1,Maryland Workers by Age,A02,19-21,,Workers,94718,
Maryland,2017Q2,Maryland Workers by Age,A02,19-21,,Workers,99348,
Maryland,2016Q2,Maryland Workers by Age,A02,19-21,,Workers,99114,
Maryland,2020Q1,Maryland Workers by Age,A02,19-21,,Workers,103604,
Maryland,2018Q2,Maryland Workers by Age,A02,19-21,,Workers,99865,
Maryland,2015Q3,Maryland Workers by Age,A02,19-21,,Workers,119580,
Maryland,2019Q2,Maryland Workers by Age,A02,19-21,,Workers,100928,
Maryland,2020Q2,Maryland Workers by Age,A02,19-21,,Workers,87133,
Maryland,2016Q3,Maryland Workers by Age,A02,19-21,,Workers,121364,
Maryland,2021Q2,Maryland Workers by Age,A02,19-21,,Workers,91901,
Maryland,2017Q3,Maryland Workers by Age,A02,19-21,,Workers,123057,
Maryland,2018Q3,Maryland Workers by Age,A02,19-21,,Workers,123391,
Maryland,2020Q3,Maryland Workers by Age,A02,19-21,,Workers,94299,
Maryland,2015Q4,Maryland Workers by Age,A02,19-21,,Workers,102613,
Maryland,2019Q3,Maryland Workers by Age,A02,19-21,,Workers,125382,
Maryland,2021Q3,Maryland Workers by Age,A02,19-21,,Workers,111312,
Maryland,2016Q4,Maryland Workers by Age,A02,19-21,,Workers,102127,
Maryland,2017Q4,Maryland Workers by Age,A02,19-21,,Workers,101538,
Maryland,2020Q4,Maryland Workers by Age,A02,19-21,,Workers,92462,
Maryland,2021Q4,Maryland Workers by Age,A02,19-21,,Workers,97116,
Maryland,2019Q4,Maryland Workers by Age,A02,19-21,,Workers,103806,
Maryland,2018Q4,Maryland Workers by Age,A02,19-21,,Workers,101194,
Maryland,2015Q1,Maryland Workers by Age,A03,22-24,,Workers,148063,
Maryland,2017Q1,Maryland Workers by Age,A03,22-24,,Workers,142801,
Maryland,2016Q1,Maryland Workers by Age,A03,22-24,,Workers,145668,
Maryland,2020Q1,Maryland Workers by Age,A03,22-24,,Workers,136505,
Maryland,2018Q1,Maryland Workers by Age,A03,22-24,,Workers,139383,
Maryland,2019Q1,Maryland Workers by Age,A03,22-24,,Workers,137546,
Maryland,2017Q2,Maryland Workers by Age,A03,22-24,,Workers,139904,
Maryland,2015Q2,Maryland Workers by Age,A03,22-24,,Workers,143808,
Maryland,2021Q1,Maryland Workers by Age,A03,22-24,,Workers,120409,
Maryland,2018Q2,Maryland Workers by Age,A03,22-24,,Workers,136855,
Maryland,2019Q2,Maryland Workers by Age,A03,22-24,,Workers,135387,
Maryland,2016Q2,Maryland Workers by Age,A03,22-24,,Workers,142774,
Maryland,2021Q2,Maryland Workers by Age,A03,22-24,,Workers,118032,
Maryland,2020Q2,Maryland Workers by Age,A03,22-24,,Workers,120967,
Maryland,2015Q3,Maryland Workers by Age,A03,22-24,,Workers,148538,
Maryland,2016Q3,Maryland Workers by Age,A03,22-24,,Workers,147830,
Maryland,2018Q3,Maryland Workers by Age,A03,22-24,,Workers,142245,
Maryland,2017Q3,Maryland Workers by Age,A03,22-24,,Workers,145029,
Maryland,2020Q3,Maryland Workers by Age,A03,22-24,,Workers,114963,
Maryland,2019Q3,Maryland Workers by Age,A03,22-24,,Workers,140080,
Maryland,2021Q3,Maryland Workers by Age,A03,22-24,,Workers,121891,
Maryland,2016Q4,Maryland Workers by Age,A03,22-24,,Workers,145966,
Maryland,2015Q4,Maryland Workers by Age,A03,22-24,,Workers,148199,
Maryland,2017Q4,Maryland Workers by Age,A03,22-24,,Workers,141660,
Maryland,2020Q4,Maryland Workers by Age,A03,22-24,,Workers,119059,
Maryland,2019Q4,Maryland Workers by Age,A03,22-24,,Workers,137665,
Maryland,2018Q4,Maryland Workers by Age,A03,22-24,,Workers,140317,
Maryland,2021Q4,Maryland Workers by Age,A03,22-24,,Workers,125147,
Maryland,2015Q1,Maryland Workers by Age,A04,25-34,,Workers,531676,
Maryland,2016Q1,Maryland Workers by Age,A04,25-34,,Workers,543801,
Maryland,2017Q1,Maryland Workers by Age,A04,25-34,,Workers,551018,
Maryland,2019Q1,Maryland Workers by Age,A04,25-34,,Workers,557726,
Maryland,2018Q1,Maryland Workers by Age,A04,25-34,,Workers,555323,
Maryland,2020Q1,Maryland Workers by Age,A04,25-34,,Workers,556921,
Maryland,2021Q1,Maryland Workers by Age,A04,25-34,,Workers,500216,
Maryland,2015Q2,Maryland Workers by Age,A04,25-34,,Workers,530935,
Maryland,2016Q2,Maryland Workers by Age,A04,25-34,,Workers,544590,
Maryland,2018Q2,Maryland Workers by Age,A04,25-34,,Workers,553882,
Maryland,2017Q2,Maryland Workers by Age,A04,25-34,,Workers,549222,
Maryland,2019Q2,Maryland Workers by Age,A04,25-34,,Workers,555242,
Maryland,2020Q2,Maryland Workers by Age,A04,25-34,,Workers,514224,
Maryland,2015Q3,Maryland Workers by Age,A04,25-34,,Workers,537701,
Maryland,2021Q2,Maryland Workers by Age,A04,25-34,,Workers,494082,
Maryland,2016Q3,Maryland Workers by Age,A04,25-34,,Workers,552098,
Maryland,2017Q3,Maryland Workers by Age,A04,25-34,,Workers,555026,
Maryland,2018Q3,Maryland Workers by Age,A04,25-34,,Workers,559361,
Maryland,2019Q3,Maryland Workers by Age,A04,25-34,,Workers,560405,
Maryland,2020Q3,Maryland Workers by Age,A04,25-34,,Workers,492041,
Maryland,2021Q3,Maryland Workers by Age,A04,25-34,,Workers,495526,
Maryland,2015Q4,Maryland Workers by Age,A04,25-34,,Workers,544084,
Maryland,2018Q4,Maryland Workers by Age,A04,25-34,,Workers,559438,
Maryland,2017Q4,Maryland Workers by Age,A04,25-34,,Workers,557300,
Maryland,2016Q4,Maryland Workers by Age,A04,25-34,,Workers,553332,
Maryland,2019Q4,Maryland Workers by Age,A04,25-34,,Workers,558855,
Maryland,2020Q4,Maryland Workers by Age,A04,25-34,,Workers,498043,
Maryland,2021Q4,Maryland Workers by Age,A04,25-34,,Workers,508454,
Maryland,2015Q1,Maryland Workers by Age,A05,35-44,,Workers,494154,
Maryland,2016Q1,Maryland Workers by Age,A05,35-44,,Workers,496583,
Maryland,2017Q1,Maryland Workers by Age,A05,35-44,,Workers,501342,
Maryland,2020Q1,Maryland Workers by Age,A05,35-44,,Workers,529875,
Maryland,2019Q1,Maryland Workers by Age,A05,35-44,,Workers,521327,
Maryland,2018Q1,Maryland Workers by Age,A05,35-44,,Workers,510502,
Maryland,2021Q1,Maryland Workers by Age,A05,35-44,,Workers,495628,
Maryland,2015Q2,Maryland Workers by Age,A05,35-44,,Workers,492908,
Maryland,2019Q2,Maryland Workers by Age,A05,35-44,,Workers,524094,
Maryland,2016Q2,Maryland Workers by Age,A05,35-44,,Workers,498205,
Maryland,2018Q2,Maryland Workers by Age,A05,35-44,,Workers,513561,
Maryland,2017Q2,Maryland Workers by Age,A05,35-44,,Workers,502950,
Maryland,2020Q2,Maryland Workers by Age,A05,35-44,,Workers,500663,
Maryland,2021Q2,Maryland Workers by Age,A05,35-44,,Workers,491913,
Maryland,2017Q3,Maryland Workers by Age,A05,35-44,,Workers,506246,
Maryland,2016Q3,Maryland Workers by Age,A05,35-44,,Workers,501323,
Maryland,2015Q3,Maryland Workers by Age,A05,35-44,,Workers,493660,
Maryland,2018Q3,Maryland Workers by Age,A05,35-44,,Workers,516982,
Maryland,2020Q3,Maryland Workers by Age,A05,35-44,,Workers,484975,
Maryland,2019Q3,Maryland Workers by Age,A05,35-44,,Workers,528000,
Maryland,2016Q4,Maryland Workers by Age,A05,35-44,,Workers,502802,
Maryland,2021Q3,Maryland Workers by Age,A05,35-44,,Workers,497509,
Maryland,2015Q4,Maryland Workers by Age,A05,35-44,,Workers,498503,
Maryland,2017Q4,Maryland Workers by Age,A05,35-44,,Workers,510104,
Maryland,2018Q4,Maryland Workers by Age,A05,35-44,,Workers,520388,
Maryland,2019Q4,Maryland Workers by Age,A05,35-44,,Workers,529493,
Maryland,2015Q1,Maryland Workers by Age,A06,45-54,,Workers,546649,
Maryland,2020Q4,Maryland Workers by Age,A05,35-44,,Workers,493371,
Maryland,2021Q4,Maryland Workers by Age,A05,35-44,,Workers,511843,
Maryland,2016Q1,Maryland Workers by Age,A06,45-54,,Workers,548533,
Maryland,2018Q1,Maryland Workers by Age,A06,45-54,,Workers,540395,
Maryland,2017Q1,Maryland Workers by Age,A06,45-54,,Workers,547614,
Maryland,2019Q1,Maryland Workers by Age,A06,45-54,,Workers,529657,
Maryland,2020Q1,Maryland Workers by Age,A06,45-54,,Workers,520181,
Maryland,2021Q1,Maryland Workers by Age,A06,45-54,,Workers,476108,
Maryland,2015Q2,Maryland Workers by Age,A06,45-54,,Workers,546487,
Maryland,2016Q2,Maryland Workers by Age,A06,45-54,,Workers,550681,
Maryland,2017Q2,Maryland Workers by Age,A06,45-54,,Workers,546852,
Maryland,2019Q2,Maryland Workers by Age,A06,45-54,,Workers,528586,
Maryland,2020Q2,Maryland Workers by Age,A06,45-54,,Workers,490119,
Maryland,2018Q2,Maryland Workers by Age,A06,45-54,,Workers,538878,
Maryland,2021Q2,Maryland Workers by Age,A06,45-54,,Workers,470345,
Maryland,2015Q3,Maryland Workers by Age,A06,45-54,,Workers,547139,
Maryland,2017Q3,Maryland Workers by Age,A06,45-54,,Workers,545276,
Maryland,2018Q3,Maryland Workers by Age,A06,45-54,,Workers,536549,
Maryland,2016Q3,Maryland Workers by Age,A06,45-54,,Workers,552421,
Maryland,2019Q3,Maryland Workers by Age,A06,45-54,,Workers,528048,
Maryland,2020Q3,Maryland Workers by Age,A06,45-54,,Workers,472709,
Maryland,2021Q3,Maryland Workers by Age,A06,45-54,,Workers,475303,
Maryland,2017Q4,Maryland Workers by Age,A06,45-54,,Workers,544186,
Maryland,2015Q4,Maryland Workers by Age,A06,45-54,,Workers,551996,
Maryland,2018Q4,Maryland Workers by Age,A06,45-54,,Workers,535564,
Maryland,2016Q4,Maryland Workers by Age,A06,45-54,,Workers,551905,
Maryland,2019Q4,Maryland Workers by Age,A06,45-54,,Workers,524304,
Maryland,2020Q4,Maryland Workers by Age,A06,45-54,,Workers,477334,
Maryland,2021Q4,Maryland Workers by Age,A06,45-54,,Workers,486261,
Maryland,2016Q1,Maryland Workers by Age,A07,55-64,,Workers,421094,
Maryland,2015Q1,Maryland Workers by Age,A07,55-64,,Workers,408348,
Maryland,2017Q1,Maryland Workers by Age,A07,55-64,,Workers,434683,
Maryland,2018Q1,Maryland Workers by Age,A07,55-64,,Workers,443702,
Maryland,2019Q1,Maryland Workers by Age,A07,55-64,,Workers,453314,
Maryland,2021Q1,Maryland Workers by Age,A07,55-64,,Workers,426748,
Maryland,2015Q2,Maryland Workers by Age,A07,55-64,,Workers,411064,
Maryland,2016Q2,Maryland Workers by Age,A07,55-64,,Workers,426641,
Maryland,2017Q2,Maryland Workers by Age,A07,55-64,,Workers,437624,
Maryland,2018Q2,Maryland Workers by Age,A07,55-64,,Workers,447602,
Maryland,2020Q2,Maryland Workers by Age,A07,55-64,,Workers,435089,
Maryland,2019Q2,Maryland Workers by Age,A07,55-64,,Workers,457716,
Maryland,2021Q2,Maryland Workers by Age,A07,55-64,,Workers,423677,
Maryland,2015Q3,Maryland Workers by Age,A07,55-64,,Workers,414335,
Maryland,2016Q3,Maryland Workers by Age,A07,55-64,,Workers,432926,
Maryland,2020Q1,Maryland Workers by Age,A07,55-64,,Workers,459606,
Maryland,2017Q3,Maryland Workers by Age,A07,55-64,,Workers,440402,
Maryland,2018Q3,Maryland Workers by Age,A07,55-64,,Workers,450337,
Maryland,2019Q3,Maryland Workers by Age,A07,55-64,,Workers,461189,
Maryland,2021Q3,Maryland Workers by Age,A07,55-64,,Workers,430719,
Maryland,2020Q3,Maryland Workers by Age,A07,55-64,,Workers,421597,
Maryland,2015Q4,Maryland Workers by Age,A07,55-64,,Workers,420909,
Maryland,2016Q4,Maryland Workers by Age,A07,55-64,,Workers,435083,
Maryland,2017Q4,Maryland Workers by Age,A07,55-64,,Workers,443315,
Maryland,2018Q4,Maryland Workers by Age,A07,55-64,,Workers,453930,
Maryland,2019Q4,Maryland Workers by Age,A07,55-64,,Workers,461108,
Maryland,2020Q4,Maryland Workers by Age,A07,55-64,,Workers,427503,
Maryland,2021Q4,Maryland Workers by Age,A07,55-64,,Workers,442941,
Maryland,2017Q1,Maryland Separations by Age,A01,14-18,,Seperation,15462,
Maryland,2016Q1,Maryland Separations by Age,A01,14-18,,Seperation,14025,
Maryland,2018Q1,Maryland Separations by Age,A01,14-18,,Seperation,15551,
Maryland,2015Q1,Maryland Separations by Age,A01,14-18,,Seperation,12984,
Maryland,2020Q1,Maryland Separations by Age,A01,14-18,,Seperation,27741,
Maryland,2019Q1,Maryland Separations by Age,A01,14-18,,Seperation,15011,
Maryland,2021Q1,Maryland Separations by Age,A01,14-18,,Seperation,14274,
Maryland,2015Q2,Maryland Separations by Age,A01,14-18,,Seperation,17753,
Maryland,2018Q2,Maryland Separations by Age,A01,14-18,,Seperation,19944,
Maryland,2017Q2,Maryland Separations by Age,A01,14-18,,Seperation,20455,
Maryland,2016Q2,Maryland Separations by Age,A01,14-18,,Seperation,18600,
Maryland,2019Q2,Maryland Separations by Age,A01,14-18,,Seperation,20736,
Maryland,2020Q2,Maryland Separations by Age,A01,14-18,,Seperation,14505,
Maryland,2021Q2,Maryland Separations by Age,A01,14-18,,Seperation,23593,
Maryland,2015Q3,Maryland Separations by Age,A01,14-18,,Seperation,40752,
Maryland,2016Q3,Maryland Separations by Age,A01,14-18,,Seperation,45321,
Maryland,2017Q3,Maryland Separations by Age,A01,14-18,,Seperation,45407,
Maryland,2018Q3,Maryland Separations by Age,A01,14-18,,Seperation,45799,
Maryland,2019Q3,Maryland Separations by Age,A01,14-18,,Seperation,48046,
Maryland,2021Q3,Maryland Separations by Age,A01,14-18,,Seperation,47127,
Maryland,2015Q4,Maryland Separations by Age,A01,14-18,,Seperation,21478,
Maryland,2016Q4,Maryland Separations by Age,A01,14-18,,Seperation,21794,
Maryland,2020Q3,Maryland Separations by Age,A01,14-18,,Seperation,30661,
Maryland,2017Q4,Maryland Separations by Age,A01,14-18,,Seperation,21808,
Maryland,2020Q4,Maryland Separations by Age,A01,14-18,,Seperation,23071,
Maryland,2019Q4,Maryland Separations by Age,A01,14-18,,Seperation,22543,
Maryland,2018Q4,Maryland Separations by Age,A01,14-18,,Seperation,21821,
Maryland,2021Q4,Maryland Separations by Age,A01,14-18,,Seperation,0,
Maryland,2015Q1,Maryland Separations by Age,A02,19-21,,Seperation,31357,
Maryland,2016Q1,Maryland Separations by Age,A02,19-21,,Seperation,31730,
Maryland,2017Q1,Maryland Separations by Age,A02,19-21,,Seperation,33242,
Maryland,2020Q1,Maryland Separations by Age,A02,19-21,,Seperation,50128,
Maryland,2019Q1,Maryland Separations by Age,A02,19-21,,Seperation,33304,
Maryland,2018Q1,Maryland Separations by Age,A02,19-21,,Seperation,33637,
Maryland,2021Q1,Maryland Separations by Age,A02,19-21,,Seperation,31660,
Maryland,2015Q2,Maryland Separations by Age,A02,19-21,,Seperation,36988,
Maryland,2016Q2,Maryland Separations by Age,A02,19-21,,Seperation,37327,
Maryland,2018Q2,Maryland Separations by Age,A02,19-21,,Seperation,37876,
Maryland,2017Q2,Maryland Separations by Age,A02,19-21,,Seperation,38388,
Maryland,2019Q2,Maryland Separations by Age,A02,19-21,,Seperation,38954,
Maryland,2020Q2,Maryland Separations by Age,A02,19-21,,Seperation,32506,
Maryland,2021Q2,Maryland Separations by Age,A02,19-21,,Seperation,41602,
Maryland,2017Q3,Maryland Separations by Age,A02,19-21,,Seperation,66947,
Maryland,2018Q3,Maryland Separations by Age,A02,19-21,,Seperation,67237,
Maryland,2015Q3,Maryland Separations by Age,A02,19-21,,Seperation,64887,
Maryland,2016Q3,Maryland Separations by Age,A02,19-21,,Seperation,68615,
Maryland,2019Q3,Maryland Separations by Age,A02,19-21,,Seperation,69274,
Maryland,2020Q3,Maryland Separations by Age,A02,19-21,,Seperation,50295,
Maryland,2021Q3,Maryland Separations by Age,A02,19-21,,Seperation,63183,
Maryland,2017Q4,Maryland Separations by Age,A02,19-21,,Seperation,38374,
Maryland,2016Q4,Maryland Separations by Age,A02,19-21,,Seperation,38959,
Maryland,2015Q4,Maryland Separations by Age,A02,19-21,,Seperation,40209,
Maryland,2018Q4,Maryland Separations by Age,A02,19-21,,Seperation,37308,
Maryland,2019Q4,Maryland Separations by Age,A02,19-21,,Seperation,40107,
Maryland,2020Q4,Maryland Separations by Age,A02,19-21,,Seperation,40618,
Maryland,2015Q1,Maryland Separations by Age,A03,22-24,,Seperation,34515,
Maryland,2016Q1,Maryland Separations by Age,A03,22-24,,Seperation,34031,
Maryland,2021Q4,Maryland Separations by Age,A02,19-21,,Seperation,0,
Maryland,2017Q1,Maryland Separations by Age,A03,22-24,,Seperation,35456,
Maryland,2018Q1,Maryland Separations by Age,A03,22-24,,Seperation,34169,
Maryland,2019Q1,Maryland Separations by Age,A03,22-24,,Seperation,32672,
Maryland,2020Q1,Maryland Separations by Age,A03,22-24,,Seperation,45962,
Maryland,2021Q1,Maryland Separations by Age,A03,22-24,,Seperation,29016,
Maryland,2016Q2,Maryland Separations by Age,A03,22-24,,Seperation,41071,
Maryland,2015Q2,Maryland Separations by Age,A03,22-24,,Seperation,41930,
Maryland,2017Q2,Maryland Separations by Age,A03,22-24,,Seperation,40810,
Maryland,2018Q2,Maryland Separations by Age,A03,22-24,,Seperation,39593,
Maryland,2020Q2,Maryland Separations by Age,A03,22-24,,Seperation,32937,
Maryland,2021Q2,Maryland Separations by Age,A03,22-24,,Seperation,38846,
Maryland,2019Q2,Maryland Separations by Age,A03,22-24,,Seperation,39546,
Maryland,2015Q3,Maryland Separations by Age,A03,22-24,,Seperation,49747,
Maryland,2016Q3,Maryland Separations by Age,A03,22-24,,Seperation,52587,
Maryland,2017Q3,Maryland Separations by Age,A03,22-24,,Seperation,49428,
Maryland,2018Q3,Maryland Separations by Age,A03,22-24,,Seperation,47665,
Maryland,2019Q3,Maryland Separations by Age,A03,22-24,,Seperation,47416,
Maryland,2020Q3,Maryland Separations by Age,A03,22-24,,Seperation,37372,
Maryland,2021Q3,Maryland Separations by Age,A03,22-24,,Seperation,44251,
Maryland,2015Q4,Maryland Separations by Age,A03,22-24,,Seperation,45611,
Maryland,2016Q4,Maryland Separations by Age,A03,22-24,,Seperation,43060,
Maryland,2017Q4,Maryland Separations by Age,A03,22-24,,Seperation,40741,
Maryland,2019Q4,Maryland Separations by Age,A03,22-24,,Seperation,40220,
Maryland,2018Q4,Maryland Separations by Age,A03,22-24,,Seperation,40626,
Maryland,2021Q4,Maryland Separations by Age,A03,22-24,,Seperation,0,
Maryland,2020Q4,Maryland Separations by Age,A03,22-24,,Seperation,37958,
Maryland,2015Q1,Maryland Separations by Age,A04,25-34,,Seperation,80442,
Maryland,2016Q1,Maryland Separations by Age,A04,25-34,,Seperation,82139,
Maryland,2017Q1,Maryland Separations by Age,A04,25-34,,Seperation,88939,
Maryland,2019Q1,Maryland Separations by Age,A04,25-34,,Seperation,87264,
Maryland,2020Q1,Maryland Separations by Age,A04,25-34,,Seperation,126791,
Maryland,2018Q1,Maryland Separations by Age,A04,25-34,,Seperation,89214,
Maryland,2016Q2,Maryland Separations by Age,A04,25-34,,Seperation,96418,
Maryland,2021Q1,Maryland Separations by Age,A04,25-34,,Seperation,82862,
Maryland,2015Q2,Maryland Separations by Age,A04,25-34,,Seperation,97376,
Maryland,2017Q2,Maryland Separations by Age,A04,25-34,,Seperation,100169,
Maryland,2018Q2,Maryland Separations by Age,A04,25-34,,Seperation,101397,
Maryland,2019Q2,Maryland Separations by Age,A04,25-34,,Seperation,103451,
Maryland,2020Q2,Maryland Separations by Age,A04,25-34,,Seperation,93618,
Maryland,2015Q3,Maryland Separations by Age,A04,25-34,,Seperation,103640,
Maryland,2016Q3,Maryland Separations by Age,A04,25-34,,Seperation,112586,
Maryland,2021Q2,Maryland Separations by Age,A04,25-34,,Seperation,103309,
Maryland,2017Q3,Maryland Separations by Age,A04,25-34,,Seperation,108697,
Maryland,2018Q3,Maryland Separations by Age,A04,25-34,,Seperation,109091,
Maryland,2020Q3,Maryland Separations by Age,A04,25-34,,Seperation,91638,
Maryland,2019Q3,Maryland Separations by Age,A04,25-34,,Seperation,112157,
Maryland,2016Q4,Maryland Separations by Age,A04,25-34,,Seperation,107591,
Maryland,2015Q4,Maryland Separations by Age,A04,25-34,,Seperation,107678,
Maryland,2017Q4,Maryland Separations by Age,A04,25-34,,Seperation,106538,
Maryland,2021Q3,Maryland Separations by Age,A04,25-34,,Seperation,106919,
Maryland,2020Q4,Maryland Separations by Age,A04,25-34,,Seperation,103514,
Maryland,2019Q4,Maryland Separations by Age,A04,25-34,,Seperation,111461,
Maryland,2021Q4,Maryland Separations by Age,A04,25-34,,Seperation,0,
Maryland,2018Q4,Maryland Separations by Age,A04,25-34,,Seperation,108869,
Maryland,2015Q1,Maryland Separations by Age,A05,35-44,,Seperation,53501,
Maryland,2016Q1,Maryland Separations by Age,A05,35-44,,Seperation,52650,
Maryland,2017Q1,Maryland Separations by Age,A05,35-44,,Seperation,56198,
Maryland,2019Q1,Maryland Separations by Age,A05,35-44,,Seperation,56464,
Maryland,2020Q1,Maryland Separations by Age,A05,35-44,,Seperation,89178,
Maryland,2018Q1,Maryland Separations by Age,A05,35-44,,Seperation,56768,
Maryland,2021Q1,Maryland Separations by Age,A05,35-44,,Seperation,59792,
Maryland,2015Q2,Maryland Separations by Age,A05,35-44,,Seperation,63773,
Maryland,2017Q2,Maryland Separations by Age,A05,35-44,,Seperation,63226,
Maryland,2018Q2,Maryland Separations by Age,A05,35-44,,Seperation,65234,
Maryland,2016Q2,Maryland Separations by Age,A05,35-44,,Seperation,61638,
Maryland,2020Q2,Maryland Separations by Age,A05,35-44,,Seperation,69329,
Maryland,2021Q2,Maryland Separations by Age,A05,35-44,,Seperation,69461,
Maryland,2019Q2,Maryland Separations by Age,A05,35-44,,Seperation,68680,
Maryland,2017Q3,Maryland Separations by Age,A05,35-44,,Seperation,65198,
Maryland,2016Q3,Maryland Separations by Age,A05,35-44,,Seperation,67645,
Maryland,2015Q3,Maryland Separations by Age,A05,35-44,,Seperation,62400,
Maryland,2019Q3,Maryland Separations by Age,A05,35-44,,Seperation,70663,
Maryland,2018Q3,Maryland Separations by Age,A05,35-44,,Seperation,66755,
Maryland,2020Q3,Maryland Separations by Age,A05,35-44,,Seperation,59765,
Maryland,2021Q3,Maryland Separations by Age,A05,35-44,,Seperation,72514,
Maryland,2016Q4,Maryland Separations by Age,A05,35-44,,Seperation,68192,
Maryland,2019Q4,Maryland Separations by Age,A05,35-44,,Seperation,74515,
Maryland,2017Q4,Maryland Separations by Age,A05,35-44,,Seperation,68296,
Maryland,2015Q4,Maryland Separations by Age,A05,35-44,,Seperation,70004,
Maryland,2018Q4,Maryland Separations by Age,A05,35-44,,Seperation,71190,
Maryland,2016Q1,Maryland Separations by Age,A06,45-54,,Seperation,46365,
Maryland,2020Q4,Maryland Separations by Age,A05,35-44,,Seperation,72810,
Maryland,2018Q1,Maryland Separations by Age,A06,45-54,,Seperation,48074,
Maryland,2021Q4,Maryland Separations by Age,A05,35-44,,Seperation,0,
Maryland,2015Q1,Maryland Separations by Age,A06,45-54,,Seperation,48405,
Maryland,2017Q1,Maryland Separations by Age,A06,45-54,,Seperation,49164,
Maryland,2019Q1,Maryland Separations by Age,A06,45-54,,Seperation,45550,
Maryland,2021Q1,Maryland Separations by Age,A06,45-54,,Seperation,47705,
Maryland,2020Q1,Maryland Separations by Age,A06,45-54,,Seperation,75068,
Maryland,2016Q2,Maryland Separations by Age,A06,45-54,,Seperation,54570,
Maryland,2015Q2,Maryland Separations by Age,A06,45-54,,Seperation,57493,
Maryland,2017Q2,Maryland Separations by Age,A06,45-54,,Seperation,55494,
Maryland,2018Q2,Maryland Separations by Age,A06,45-54,,Seperation,55305,
Maryland,2020Q2,Maryland Separations by Age,A06,45-54,,Seperation,58348,
Maryland,2016Q3,Maryland Separations by Age,A06,45-54,,Seperation,57373,
Maryland,2019Q2,Maryland Separations by Age,A06,45-54,,Seperation,55441,
Maryland,2021Q2,Maryland Separations by Age,A06,45-54,,Seperation,52824,
Maryland,2015Q3,Maryland Separations by Age,A06,45-54,,Seperation,53981,
Maryland,2017Q3,Maryland Separations by Age,A06,45-54,,Seperation,54183,
Maryland,2020Q3,Maryland Separations by Age,A06,45-54,,Seperation,46052,
Maryland,2019Q3,Maryland Separations by Age,A06,45-54,,Seperation,55733,
Maryland,2018Q3,Maryland Separations by Age,A06,45-54,,Seperation,53625,
Maryland,2015Q4,Maryland Separations by Age,A06,45-54,,Seperation,64385,
Maryland,2021Q3,Maryland Separations by Age,A06,45-54,,Seperation,54470,
Maryland,2016Q4,Maryland Separations by Age,A06,45-54,,Seperation,62147,
Maryland,2019Q4,Maryland Separations by Age,A06,45-54,,Seperation,60443,
Maryland,2017Q4,Maryland Separations by Age,A06,45-54,,Seperation,59066,
Maryland,2018Q4,Maryland Separations by Age,A06,45-54,,Seperation,60903,
Maryland,2020Q4,Maryland Separations by Age,A06,45-54,,Seperation,59801,
Maryland,2021Q4,Maryland Separations by Age,A06,45-54,,Seperation,0,
Maryland,2015Q1,Maryland Separations by Age,A07,55-64,,Seperation,32643,
Maryland,2017Q1,Maryland Separations by Age,A07,55-64,,Seperation,34052,
Maryland,2018Q1,Maryland Separations by Age,A07,55-64,,Seperation,35107,
Maryland,2016Q1,Maryland Separations by Age,A07,55-64,,Seperation,31173,
Maryland,2019Q1,Maryland Separations by Age,A07,55-64,,Seperation,34447,
Maryland,2020Q1,Maryland Separations by Age,A07,55-64,,Seperation,62882,
Maryland,2021Q1,Maryland Separations by Age,A07,55-64,,Seperation,39739,
Maryland,2015Q2,Maryland Separations by Age,A07,55-64,,Seperation,39026,
Maryland,2017Q2,Maryland Separations by Age,A07,55-64,,Seperation,39576,
Maryland,2018Q2,Maryland Separations by Age,A07,55-64,,Seperation,40444,
Maryland,2016Q2,Maryland Separations by Age,A07,55-64,,Seperation,37243,
Maryland,2020Q2,Maryland Separations by Age,A07,55-64,,Seperation,48465,
Maryland,2019Q2,Maryland Separations by Age,A07,55-64,,Seperation,42240,
Maryland,2021Q2,Maryland Separations by Age,A07,55-64,,Seperation,41516,
Maryland,2016Q3,Maryland Separations by Age,A07,55-64,,Seperation,38921,
Maryland,2015Q3,Maryland Separations by Age,A07,55-64,,Seperation,35671,
Maryland,2017Q3,Maryland Separations by Age,A07,55-64,,Seperation,37635,
Maryland,2018Q3,Maryland Separations by Age,A07,55-64,,Seperation,39331,
Maryland,2019Q3,Maryland Separations by Age,A07,55-64,,Seperation,41892,
Maryland,2020Q3,Maryland Separations by Age,A07,55-64,,Seperation,36968,
Maryland,2021Q3,Maryland Separations by Age,A07,55-64,,Seperation,42674,
Maryland,2016Q4,Maryland Separations by Age,A07,55-64,,Seperation,43989,
Maryland,2015Q4,Maryland Separations by Age,A07,55-64,,Seperation,44156,
Maryland,2017Q4,Maryland Separations by Age,A07,55-64,,Seperation,43528,
Maryland,2018Q4,Maryland Separations by Age,A07,55-64,,Seperation,46380,
Maryland,2019Q4,Maryland Separations by Age,A07,55-64,,Seperation,47376,
Maryland,2020Q4,Maryland Separations by Age,A07,55-64,,Seperation,49707,
Maryland,2021Q4,Maryland Separations by Age,A07,55-64,,Seperation,0,
Maryland,2015Q1,Maryland Workers by Age,A08,65-99,,Workers,145236,
Maryland,2016Q1,Maryland Workers by Age,A08,65-99,,Workers,152285,
Maryland,2017Q1,Maryland Workers by Age,A08,65-99,,Workers,161707,
Maryland,2018Q1,Maryland Workers by Age,A08,65-99,,Workers,170237,
Maryland,2019Q1,Maryland Workers by Age,A08,65-99,,Workers,179388,
Maryland,2021Q1,Maryland Workers by Age,A08,65-99,,Workers,171105,
Maryland,2020Q1,Maryland Workers by Age,A08,65-99,,Workers,189058,
Maryland,2016Q2,Maryland Workers by Age,A08,65-99,,Workers,155681,
Maryland,2017Q2,Maryland Workers by Age,A08,65-99,,Workers,164226,
Maryland,2015Q2,Maryland Workers by Age,A08,65-99,,Workers,146807,
Maryland,2018Q2,Maryland Workers by Age,A08,65-99,,Workers,172846,
Maryland,2019Q2,Maryland Workers by Age,A08,65-99,,Workers,182761,
Maryland,2020Q2,Maryland Workers by Age,A08,65-99,,Workers,173637,
Maryland,2015Q3,Maryland Workers by Age,A08,65-99,,Workers,149840,
Maryland,2021Q2,Maryland Workers by Age,A08,65-99,,Workers,172154,
Maryland,2016Q3,Maryland Workers by Age,A08,65-99,,Workers,160037,
Maryland,2017Q3,Maryland Workers by Age,A08,65-99,,Workers,166968,
Maryland,2019Q3,Maryland Workers by Age,A08,65-99,,Workers,186866,
Maryland,2018Q3,Maryland Workers by Age,A08,65-99,,Workers,175993,
Maryland,2021Q3,Maryland Workers by Age,A08,65-99,,Workers,181294,
Maryland,2020Q3,Maryland Workers by Age,A08,65-99,,Workers,166154,
Maryland,2015Q4,Maryland Workers by Age,A08,65-99,,Workers,152383,
Maryland,2016Q4,Maryland Workers by Age,A08,65-99,,Workers,161169,
Maryland,2018Q4,Maryland Workers by Age,A08,65-99,,Workers,178580,
Maryland,2017Q4,Maryland Workers by Age,A08,65-99,,Workers,168556,
Maryland,2019Q4,Maryland Workers by Age,A08,65-99,,Workers,188507,
Maryland,2020Q4,Maryland Workers by Age,A08,65-99,,Workers,170521,
Maryland,2015Q1,Maryland Separations by Age,A08,65-99,,Seperation,15924,
Maryland,2017Q1,Maryland Separations by Age,A08,65-99,,Seperation,17221,
Maryland,2021Q4,Maryland Workers by Age,A08,65-99,,Workers,189864,
Maryland,2016Q1,Maryland Separations by Age,A08,65-99,,Seperation,15393,
Maryland,2018Q1,Maryland Separations by Age,A08,65-99,,Seperation,18107,
Maryland,2019Q1,Maryland Separations by Age,A08,65-99,,Seperation,18121,
Maryland,2020Q1,Maryland Separations by Age,A08,65-99,,Seperation,38585,
Maryland,2016Q2,Maryland Separations by Age,A08,65-99,,Seperation,20412,
Maryland,2015Q2,Maryland Separations by Age,A08,65-99,,Seperation,20259,
Maryland,2021Q1,Maryland Separations by Age,A08,65-99,,Seperation,21376,
Maryland,2017Q2,Maryland Separations by Age,A08,65-99,,Seperation,21944,
Maryland,2018Q2,Maryland Separations by Age,A08,65-99,,Seperation,22926,
Maryland,2019Q2,Maryland Separations by Age,A08,65-99,,Seperation,24082,
Maryland,2020Q2,Maryland Separations by Age,A08,65-99,,Seperation,30018,
Maryland,2021Q2,Maryland Separations by Age,A08,65-99,,Seperation,23233,
Maryland,2016Q3,Maryland Separations by Age,A08,65-99,,Seperation,20239,
Maryland,2015Q3,Maryland Separations by Age,A08,65-99,,Seperation,18745,
Maryland,2017Q3,Maryland Separations by Age,A08,65-99,,Seperation,20204,
Maryland,2018Q3,Maryland Separations by Age,A08,65-99,,Seperation,21634,
Maryland,2019Q3,Maryland Separations by Age,A08,65-99,,Seperation,22622,
Maryland,2020Q3,Maryland Separations by Age,A08,65-99,,Seperation,22701,
Maryland,2015Q4,Maryland Separations by Age,A08,65-99,,Seperation,23352,
Maryland,2021Q3,Maryland Separations by Age,A08,65-99,,Seperation,24652,
Maryland,2016Q4,Maryland Separations by Age,A08,65-99,,Seperation,23689,
Maryland,2017Q4,Maryland Separations by Age,A08,65-99,,Seperation,23503,
Maryland,2018Q4,Maryland Separations by Age,A08,65-99,,Seperation,26181,
Maryland,2021Q4,Maryland Separations by Age,A08,65-99,,Seperation,0,
Maryland,2020Q4,Maryland Separations by Age,A08,65-99,,Seperation,29205,
Maryland,2019Q4,Maryland Separations by Age,A08,65-99,,Seperation,26960,
Maryland,2016Q1,Maryland Average Monthly Earnings by Age,A08,65-99,,Earnings,4048,
Maryland,2015Q1,Maryland Average Monthly Earnings by Age,A08,65-99,,Earnings,4062,
Maryland,2017Q1,Maryland Average Monthly Earnings by Age,A08,65-99,,Earnings,4348,
Maryland,2018Q1,Maryland Average Monthly Earnings by Age,A08,65-99,,Earnings,4465,
Maryland,2019Q1,Maryland Average Monthly Earnings by Age,A08,65-99,,Earnings,4558,
Maryland,2021Q1,Maryland Average Monthly Earnings by Age,A08,65-99,,Earnings,5370,
Maryland,2020Q1,Maryland Average Monthly Earnings by Age,A08,65-99,,Earnings,5013,
Maryland,2016Q2,Maryland Average Monthly Earnings by Age,A08,65-99,,Earnings,4225,
Maryland,2015Q2,Maryland Average Monthly Earnings by Age,A08,65-99,,Earnings,4161,
Maryland,2017Q2,Maryland Average Monthly Earnings by Age,A08,65-99,,Earnings,4420,
Maryland,2018Q2,Maryland Average Monthly Earnings by Age,A08,65-99,,Earnings,4458,
Maryland,2020Q2,Maryland Average Monthly Earnings by Age,A08,65-99,,Earnings,4830,
Maryland,2019Q2,Maryland Average Monthly Earnings by Age,A08,65-99,,Earnings,4546,
Maryland,2015Q1,Maryland Workers by Age,A00,All Ages,,Workers,2421273,
Maryland,2016Q1,Maryland Workers by Age,A00,All Ages,,Workers,2459702,
Maryland,2015Q3,Maryland Average Monthly Earnings by Age,A08,65-99,,Earnings,4043,
Maryland,2021Q2,Maryland Average Monthly Earnings by Age,A08,65-99,,Earnings,5223,
Maryland,2017Q1,Maryland Workers by Age,A00,All Ages,,Workers,2492774,
Maryland,2016Q3,Maryland Average Monthly Earnings by Age,A08,65-99,,Earnings,4258,
Maryland,2018Q1,Maryland Workers by Age,A00,All Ages,,Workers,2513994,
Maryland,2019Q1,Maryland Workers by Age,A00,All Ages,,Workers,2534309,
Maryland,2018Q3,Maryland Average Monthly Earnings by Age,A08,65-99,,Earnings,4301,
Maryland,2017Q3,Maryland Average Monthly Earnings by Age,A08,65-99,,Earnings,4189,
Maryland,2020Q1,Maryland Workers by Age,A00,All Ages,,Workers,2551108,
Maryland,2020Q3,Maryland Average Monthly Earnings by Age,A08,65-99,,Earnings,5287,
Maryland,2019Q3,Maryland Average Monthly Earnings by Age,A08,65-99,,Earnings,4397,
Maryland,2021Q1,Maryland Workers by Age,A00,All Ages,,Workers,2337723,
Maryland,2021Q3,Maryland Average Monthly Earnings by Age,A08,65-99,,Earnings,5276,
Maryland,2015Q2,Maryland Workers by Age,A00,All Ages,,Workers,2414744,
Maryland,2017Q4,Maryland Average Monthly Earnings by Age,A08,65-99,,Earnings,4934,
Maryland,2015Q4,Maryland Average Monthly Earnings by Age,A08,65-99,,Earnings,4897,
Maryland,2016Q4,Maryland Average Monthly Earnings by Age,A08,65-99,,Earnings,4789,
Maryland,2016Q2,Maryland Workers by Age,A00,All Ages,,Workers,2467142,
Maryland,2019Q4,Maryland Average Monthly Earnings by Age,A08,65-99,,Earnings,5114,
Maryland,2018Q4,Maryland Average Monthly Earnings by Age,A08,65-99,,Earnings,4978,
Maryland,2017Q2,Maryland Workers by Age,A00,All Ages,,Workers,2492107,
Maryland,2018Q2,Maryland Workers by Age,A00,All Ages,,Workers,2515660,
Maryland,2020Q4,Maryland Average Monthly Earnings by Age,A08,65-99,,Earnings,6228,
Maryland,2019Q2,Maryland Workers by Age,A00,All Ages,,Workers,2536634,
Maryland,2021Q4,Maryland Average Monthly Earnings by Age,A08,65-99,,Earnings,0,
Maryland,2020Q2,Maryland Workers by Age,A00,All Ages,,Workers,2364191,
Maryland,2015Q3,Maryland Workers by Age,A00,All Ages,,Workers,2470601,
Maryland,2016Q3,Maryland Workers by Age,A00,All Ages,,Workers,2531964,
Maryland,2021Q2,Maryland Workers by Age,A00,All Ages,,Workers,2313869,
Maryland,2017Q3,Maryland Workers by Age,A00,All Ages,,Workers,2549771,
Maryland,2019Q3,Maryland Workers by Age,A00,All Ages,,Workers,2596900,
Maryland,2020Q3,Maryland Workers by Age,A00,All Ages,,Workers,2291967,
Maryland,2018Q3,Maryland Workers by Age,A00,All Ages,,Workers,2571657,
Maryland,2015Q4,Maryland Workers by Age,A00,All Ages,,Workers,2470676,
Maryland,2021Q3,Maryland Workers by Age,A00,All Ages,,Workers,2383187,
Maryland,2016Q4,Maryland Workers by Age,A00,All Ages,,Workers,2507071,
Maryland,2017Q4,Maryland Workers by Age,A00,All Ages,,Workers,2522359,
Maryland,2018Q4,Maryland Workers by Age,A00,All Ages,,Workers,2545331,
Maryland,2019Q4,Maryland Workers by Age,A00,All Ages,,Workers,2560135,
Maryland,2020Q4,Maryland Workers by Age,A00,All Ages,,Workers,2331879,
Maryland,2021Q4,Maryland Workers by Age,A00,All Ages,,Workers,2429650,


